Workbook

Sheet Data
A1: YEAR | B1: DOY | C1: Tanggal | D1: PRECTOTCORR (mm/hari) | E1: Kelas Intensitas | F1: MA 7 Hari (mm)
A2: 2019 | B2: 1 | C2: =DATE(A2,1,B2) -> 43466 | D2: 5.15 | E2: =IF(D2<1,"Kering",IF(D2<=5,"Ringan",IF(D2<=20,"Sedang","Lebat"))) -> Sedang | F2: =AVERAGE(D2:D2) -> 5.15
A3: 2019 | B3: 2 | C3: =DATE(A3,1,B3) -> 43467 | D3: 18.17 | E3: =IF(D3<1,"Kering",IF(D3<=5,"Ringan",IF(D3<=20,"Sedang","Lebat"))) -> Sedang | F3: =AVERAGE(D2:D3) -> 11.66
A4: 2019 | B4: 3 | C4: =DATE(A4,1,B4) -> 43468 | D4: 4.3 | E4: =IF(D4<1,"Kering",IF(D4<=5,"Ringan",IF(D4<=20,"Sedang","Lebat"))) -> Ringan | F4: =AVERAGE(D2:D4) -> 9.2066667
A5: 2019 | B5: 4 | C5: =DATE(A5,1,B5) -> 43469 | D5: 5.05 | E5: =IF(D5<1,"Kering",IF(D5<=5,"Ringan",IF(D5<=20,"Sedang","Lebat"))) -> Sedang | F5: =AVERAGE(D2:D5) -> 8.1675
A6: 2019 | B6: 5 | C6: =DATE(A6,1,B6) -> 43470 | D6: 0.97 | E6: =IF(D6<1,"Kering",IF(D6<=5,"Ringan",IF(D6<=20,"Sedang","Lebat"))) -> Kering | F6: =AVERAGE(D2:D6) -> 6.728
A7: 2019 | B7: 6 | C7: =DATE(A7,1,B7) -> 43471 | D7: 0.15 | E7: =IF(D7<1,"Kering",IF(D7<=5,"Ringan",IF(D7<=20,"Sedang","Lebat"))) -> Kering | F7: =AVERAGE(D2:D7) -> 5.6316667
A8: 2019 | B8: 7 | C8: =DATE(A8,1,B8) -> 43472 | D8: 11.11 | E8: =IF(D8<1,"Kering",IF(D8<=5,"Ringan",IF(D8<=20,"Sedang","Lebat"))) -> Sedang | F8: =AVERAGE(D2:D8) -> 6.4142857
A9: 2019 | B9: 8 | C9: =DATE(A9,1,B9) -> 43473 | D9: 8.76 | E9: =IF(D9<1,"Kering",IF(D9<=5,"Ringan",IF(D9<=20,"Sedang","Lebat"))) -> Sedang | F9: =AVERAGE(D3:D9) -> 6.93
A10: 2019 | B10: 9 | C10: =DATE(A10,1,B10) -> 43474 | D10: 6.25 | E10: =IF(D10<1,"Kering",IF(D10<=5,"Ringan",IF(D10<=20,"Sedang","Lebat"))) -> Sedang | F10: =AVERAGE(D4:D10) -> 5.2271429
A11: 2019 | B11: 10 | C11: =DATE(A11,1,B11) -> 43475 | D11: 5.66 | E11: =IF(D11<1,"Kering",IF(D11<=5,"Ringan",IF(D11<=20,"Sedang","Lebat"))) -> Sedang | F11: =AVERAGE(D5:D11) -> 5.4214286
A12: 2019 | B12: 11 | C12: =DATE(A12,1,B12) -> 43476 | D12: 4.62 | E12: =IF(D12<1,"Kering",IF(D12<=5,"Ringan",IF(D12<=20,"Sedang","Lebat"))) -> Ringan | F12: =AVERAGE(D6:D12) -> 5.36
A13: 2019 | B13: 12 | C13: =DATE(A13,1,B13) -> 43477 | D13: 5.83 | E13: =IF(D13<1,"Kering",IF(D13<=5,"Ringan",IF(D13<=20,"Sedang","Lebat"))) -> Sedang | F13: =AVERAGE(D7:D13) -> 6.0542857
A14: 2019 | B14: 13 | C14: =DATE(A14,1,B14) -> 43478 | D14: 4.44 | E14: =IF(D14<1,"Kering",IF(D14<=5,"Ringan",IF(D14<=20,"Sedang","Lebat"))) -> Ringan | F14: =AVERAGE(D8:D14) -> 6.6671429
A15: 2019 | B15: 14 | C15: =DATE(A15,1,B15) -> 43479 | D15: 36.37 | E15: =IF(D15<1,"Kering",IF(D15<=5,"Ringan",IF(D15<=20,"Sedang","Lebat"))) -> Lebat | F15: =AVERAGE(D9:D15) -> 10.275714
A16: 2019 | B16: 15 | C16: =DATE(A16,1,B16) -> 43480 | D16: 21.98 | E16: =IF(D16<1,"Kering",IF(D16<=5,"Ringan",IF(D16<=20,"Sedang","Lebat"))) -> Lebat | F16: =AVERAGE(D10:D16) -> 12.164286
A17: 2019 | B17: 16 | C17: =DATE(A17,1,B17) -> 43481 | D17: 21.47 | E17: =IF(D17<1,"Kering",IF(D17<=5,"Ringan",IF(D17<=20,"Sedang","Lebat"))) -> Lebat | F17: =AVERAGE(D11:D17) -> 14.338571
A18: 2019 | B18: 17 | C18: =DATE(A18,1,B18) -> 43482 | D18: 5.08 | E18: =IF(D18<1,"Kering",IF(D18<=5,"Ringan",IF(D18<=20,"Sedang","Lebat"))) -> Sedang | F18: =AVERAGE(D12:D18) -> 14.255714
A19: 2019 | B19: 18 | C19: =DATE(A19,1,B19) -> 43483 | D19: 0.12 | E19: =IF(D19<1,"Kering",IF(D19<=5,"Ringan",IF(D19<=20,"Sedang","Lebat"))) -> Kering | F19: =AVERAGE(D13:D19) -> 13.612857
... A164: 2019 | B164: 163 | C164: =DATE(A164,1,B164) -> 43628 | D164: 40.19 | E164: =IF(D164<1,"Kering",IF(D164<=5,"Ringan",IF(D164<=20,"Sedang","Lebat"))) -> Lebat | F164: =AVERAGE(D158:D164) -> 8.4885714

Sheet Ringkasan
A1: Statistik | B1: Nilai
A2: Total (mm) | B2: =SUM(Data!D2:D164) -> 1061.13
A3: Rata-rata (mm/hari) | B3: =AVERAGE(Data!D2:D164) -> 6.51
A4: Maksimum (mm) | B4: =MAX(Data!D2:D164) -> 45.97
A5: Tanggal maksimum | B5: =INDEX(Data!C2:C164,MATCH(B4,Data!D2:D164,0)) -> 43547
A6: Jumlah data (hari) | B6: =COUNT(Data!D2:D164) -> 163
A7: Hari Kering (<1 mm) | B7: =COUNTIF(Data!E2:E164,"Kering") -> 38
A8: Hari Ringan (1-5 mm) | B8: =COUNTIF(Data!E2:E164,"Ringan") -> 63
A9: Hari Sedang (5-20 mm) | B9: =COUNTIF(Data!E2:E164,"Sedang") -> 49
A10: Hari Lebat (>20 mm) | B10: =COUNTIF(Data!E2:E164,"Lebat") -> 13
A12: Bulan | B12: Total (mm) | C12: Rata-rata (mm/hari) | D12: Jumlah hari
A13: Januari | B13: =SUMPRODUCT((MONTH(Data!$C$2:$C$164)=1)*Data!$D$2:$D$164) -> 199.24 | C13: =B13/D13 -> 6.4270968 | D13: =SUMPRODUCT(--(MONTH(Data!$C$2:$C$164)=1)) -> 31
A14: Februari | B14: =SUMPRODUCT((MONTH(Data!$C$2:$C$164)=2)*Data!$D$2:$D$164) -> 210.11 | C14: =B14/D14 -> 7.5039286 | D14: =SUMPRODUCT(--(MONTH(Data!$C$2:$C$164)=2)) -> 28
A15: Maret | B15: =SUMPRODUCT((MONTH(Data!$C$2:$C$164)=3)*Data!$D$2:$D$164) -> 200.06 | C15: =B15/D15 -> 6.4535484 | D15: =SUMPRODUCT(--(MONTH(Data!$C$2:$C$164)=3)) -> 31
A16: April | B16: =SUMPRODUCT((MONTH(Data!$C$2:$C$164)=4)*Data!$D$2:$D$164) -> 225.75 | C16: =B16/D16 -> 7.525 | D16: =SUMPRODUCT(--(MONTH(Data!$C$2:$C$164)=4)) -> 30
A17: Mei | B17: =SUMPRODUCT((MONTH(Data!$C$2:$C$164)=5)*Data!$D$2:$D$164) -> 103.02 | C17: =B17/D17 -> 3.3232258 | D17: =SUMPRODUCT(--(MONTH(Data!$C$2:$C$164)=5)) -> 31
A18: Juni (1-12) | B18: =SUMPRODUCT((MONTH(Data!$C$2:$C$164)=6)*Data!$D$2:$D$164) -> 122.95 | C18: =B18/D18 -> 10.245833 | D18: =SUMPRODUCT(--(MONTH(Data!$C$2:$C$164)=6)) -> 12
A20: Sumber: NASA POWER (MERRA-2), lat -1.3734, lon 120.7703, elevasi 913.29 m, 1 Jan-12 Jun 2019. Ambang kelas: <1, 1-5, 5-20, >20 mm.
